{
  "hole_id": "hole2",
  "ball_pos": [30, 50],
  "ball_radius": 15,
  "pin_pos": [300, 500],
  "obstacles": [
    [50, 300, 150, 400],
    [150, 150, 300, 300],
    [200, 30, 300, 130]
  ],
  "sand": [[10, 450, 110, 550]],
  "ice": [[300, 300, 400, 400]],
  "best_score": 2,
  "best_bot_score": 5,
  "best_bot_path": [
    [6.470504340140025, 37.94479889657343],
    [147.4430750515547, 136.81466827775483],
    [276.49457288752683, 132.7006914868728],
    [299.0252408253949, 114.74794821729127],
    [300.8797616206564, 457.201410052566]
  ],
  "best_bot_params": [1, 3, 0.5]
}
